0.000,0.230,0.186,0.168,0.189,0.167,0.143,0.108,0.105,0.120,0.210,0.108,0.094,0.061,0.110,0.095,0.125,0.048,0.078,0.066,0.044,0.147,0.124,0.127,0.033,0.152,0.097,0.085,0.104,0.025,0.061,0.165,0.023,0.021,0.079,0.099,0.028,0.036,0.064,0.081,0.075,0.195,0.023,0.035,0.013,0.066,0.012,0.108,0.071,0.036,0.077,0.011,0.011,0.117,0.046,0.051,0.068,0.014,0.057,0.112,0.015,0.041,0.022,0.021,0.029,0.123,0.058,0.053,0.023,0.041,0.010,0.082,0.020,0.155,0.028
0.230,0.000,0.319,0.184,0.160,0.385,0.298,0.334,0.232,0.125,0.107,0.143,0.317,0.189,0.195,0.278,0.168,0.237,0.293,0.185,0.273,0.299,0.204,0.349,0.223,0.155,0.186,0.251,0.171,0.244,0.283,0.160,0.253,0.212,0.164,0.167,0.227,0.206,0.236,0.175,0.182,0.148,0.251,0.240,0.225,0.174,0.239,0.159,0.247,0.263,0.186,0.236,0.220,0.338,0.246,0.195,0.192,0.245,0.283,0.232,0.244,0.239,0.252,0.246,0.240,0.163,0.236,0.241,0.227,0.267,0.240,0.296,0.249,0.156,0.243
0.186,0.319,0.000,0.344,0.176,0.156,0.322,0.232,0.097,0.202,0.355,0.265,0.150,0.163,0.291,0.095,0.151,0.139,0.238,0.241,0.174,0.041,0.116,0.151,0.219,0.320,0.142,0.102,0.277,0.163,0.152,0.165,0.187,0.199,0.241,0.161,0.160,0.217,0.125,0.253,0.158,0.190,0.174,0.151,0.199,0.232,0.194,0.275,0.115,0.168,0.254,0.176,0.186,0.148,0.141,0.165,0.247,0.186,0.160,0.093,0.178,0.145,0.181,0.170,0.158,0.157,0.130,0.133,0.165,0.166,0.180,0.241,0.178,0.323,0.159
0.168,0.184,0.344,0.000,0.265,0.328,0.137,0.226,0.249,0.174,0.090,0.085,0.256,0.182,0.059,0.260,0.223,0.209,0.180,0.104,0.204,0.307,0.246,0.289,0.137,0.033,0.212,0.243,0.066,0.193,0.226,0.248,0.181,0.150,0.103,0.198,0.188,0.132,0.220,0.091,0.190,0.261,0.189,0.200,0.155,0.112,0.166,0.069,0.231,0.201,0.092,0.179,0.164,0.279,0.211,0.179,0.100,0.176,0.221,0.254,0.182,0.204,0.185,0.189,0.195,0.217,0.216,0.215,0.184,0.206,0.177,0.181,0.185,0.030,0.195
0.189,0.160,0.176,0.265,0.000,0.288,0.318,0.291,0.118,0.092,0.233,0.183,0.236,0.128,0.237,0.174,0.064,0.161,0.267,0.193,0.216,0.170,0.081,0.260,0.206,0.233,0.094,0.149,0.212,0.184,0.211,0.023,0.208,0.183,0.179,0.090,0.167,0.191,0.149,0.196,0.114,0.014,0.197,0.173,0.193,0.178,0.201,0.203,0.155,0.204,0.204,0.186,0.180,0.252,0.171,0.138,0.203,0.200,0.215,0.113,0.194,0.167,0.203,0.191,0.177,0.065,0.153,0.161,0.170,0.206,0.193,0.271,0.198,0.236,0.180
0.167,0.385,0.156,0.328,0.288,0.000,0.246,0.125,0.170,0.262,0.377,0.275,0.073,0.196,0.269,0.114,0.235,0.148,0.159,0.232,0.125,0.130,0.207,0.040,0.192,0.317,0.207,0.141,0.269,0.146,0.107,0.268,0.149,0.188,0.246,0.223,0.160,0.202,0.151,0.247,0.204,0.300,0.144,0.147,0.178,0.233,0.165,0.274,0.141,0.131,0.241,0.158,0.175,0.050,0.140,0.190,0.232,0.155,0.110,0.175,0.152,0.147,0.146,0.147,0.148,0.237,0.150,0.144,0.162,0.126,0.156,0.161,0.147,0.320,0.146
0.143,0.298,0.322,0.137,0.318,0.246,0.000,0.122,0.248,0.232,0.223,0.158,0.189,0.195,0.103,0.228,0.258,0.189,0.090,0.128,0.149,0.281,0.265,0.212,0.115,0.152,0.234,0.225,0.127,0.162,0.172,0.296,0.136,0.139,0.146,0.230,0.171,0.128,0.206,0.130,0.209,0.320,0.150,0.175,0.133,0.143,0.132,0.139,0.211,0.155,0.119,0.151,0.148,0.206,0.184,0.186,0.118,0.139,0.165,0.255,0.147,0.182,0.142,0.154,0.169,0.255,0.200,0.194,0.166,0.157,0.145,0.087,0.146,0.152,0.166
0.108,0.334,0.232,0.226,0.291,0.125,0.122,0.000,0.187,0.228,0.294,0.198,0.083,0.166,0.170,0.144,0.228,0.131,0.046,0.152,0.076,0.193,0.217,0.096,0.112,0.225,0.197,0.155,0.180,0.107,0.087,0.268,0.086,0.123,0.172,0.204,0.125,0.128,0.146,0.165,0.180,0.299,0.094,0.118,0.110,0.161,0.097,0.189,0.144,0.087,0.156,0.107,0.119,0.092,0.122,0.156,0.148,0.094,0.080,0.194,0.099,0.125,0.090,0.101,0.114,0.227,0.141,0.132,0.122,0.086,0.101,0.045,0.094,0.226,0.111
0.105,0.232,0.097,0.249,0.118,0.170,0.248,0.187,0.000,0.110,0.259,0.168,0.121,0.067,0.199,0.057,0.067,0.060,0.174,0.148,0.113,0.068,0.037,0.143,0.135,0.224,0.047,0.033,0.183,0.088,0.101,0.098,0.115,0.112,0.146,0.067,0.077,0.128,0.043,0.159,0.062,0.129,0.102,0.074,0.116,0.138,0.116,0.180,0.042,0.102,0.162,0.097,0.101,0.134,0.067,0.071,0.155,0.110,0.107,0.008,0.102,0.067,0.109,0.096,0.080,0.071,0.049,0.056,0.082,0.103,0.103,0.178,0.104,0.227,0.083
0.120,0.125,0.202,0.174,0.092,0.262,0.232,0.228,0.110,0.000,0.157,0.091,0.196,0.067,0.145,0.153,0.054,0.115,0.195,0.104,0.159,0.177,0.087,0.227,0.126,0.143,0.062,0.126,0.120,0.127,0.164,0.074,0.143,0.107,0.088,0.043,0.109,0.109,0.111,0.105,0.058,0.091,0.137,0.120,0.119,0.089,0.131,0.110,0.122,0.147,0.114,0.122,0.110,0.217,0.124,0.075,0.114,0.134,0.165,0.111,0.131,0.117,0.140,0.131,0.121,0.048,0.112,0.118,0.110,0.151,0.127,0.198,0.136,0.146,0.124
0.210,0.107,0.355,0.090,0.233,0.377,0.223,0.294,0.259,0.157,0.000,0.102,0.304,0.196,0.127,0.288,0.211,0.237,0.248,0.146,0.253,0.325,0.243,0.337,0.188,0.072,0.213,0.264,0.114,0.231,0.270,0.222,0.229,0.189,0.131,0.195,0.220,0.176,0.243,0.132,0.197,0.225,0.233,0.234,0.199,0.144,0.213,0.106,0.255,0.246,0.139,0.219,0.202,0.327,0.243,0.198,0.148,0.222,0.267,0.262,0.225,0.235,0.231,0.230,0.231,0.205,0.241,0.243,0.217,0.251,0.220,0.250,0.230,0.072,0.232
0.108,0.143,0.265,0.085,0.183,0.275,0.158,0.198,0.168,0.091,0.102,0.000,0.202,0.102,0.058,0.189,0.138,0.138,0.154,0.046,0.151,0.231,0.163,0.235,0.088,0.056,0.129,0.168,0.032,0.129,0.168,0.165,0.127,0.087,0.029,0.114,0.119,0.074,0.146,0.034,0.107,0.181,0.131,0.133,0.097,0.042,0.112,0.020,0.157,0.144,0.044,0.117,0.100,0.225,0.142,0.101,0.051,0.120,0.165,0.173,0.123,0.135,0.129,0.128,0.129,0.133,0.142,0.143,0.116,0.149,0.118,0.157,0.127,0.059,0.130
0.094,0.317,0.150,0.256,0.236,0.073,0.189,0.083,0.121,0.196,0.304,0.202,0.000,0.129,0.197,0.068,0.177,0.082,0.099,0.159,0.052,0.112,0.156,0.034,0.120,0.244,0.147,0.088,0.196,0.074,0.034,0.215,0.076,0.115,0.172,0.161,0.090,0.129,0.089,0.174,0.139,0.247,0.071,0.076,0.105,0.160,0.092,0.201,0.082,0.058,0.168,0.085,0.102,0.023,0.072,0.122,0.159,0.082,0.037,0.127,0.079,0.079,0.073,0.074,0.077,0.178,0.086,0.079,0.090,0.053,0.083,0.101,0.074,0.247,0.074
0.061,0.189,0.163,0.182,0.128,0.196,0.195,0.166,0.067,0.067,0.196,0.102,0.129,0.000,0.134,0.093,0.065,0.048,0.139,0.083,0.093,0.129,0.071,0.160,0.080,0.157,0.038,0.068,0.116,0.061,0.097,0.105,0.081,0.056,0.079,0.038,0.042,0.068,0.048,0.092,0.014,0.134,0.072,0.053,0.066,0.071,0.073,0.113,0.060,0.082,0.096,0.060,0.052,0.150,0.057,0.010,0.091,0.073,0.098,0.072,0.068,0.050,0.077,0.066,0.055,0.063,0.047,0.052,0.044,0.085,0.065,0.143,0.072,0.160,0.058
0.110,0.195,0.291,0.059,0.237,0.269,0.103,0.170,0.199,0.145,0.127,0.058,0.197,0.134,0.000,0.204,0.185,0.154,0.124,0.051,0.145,0.253,0.203,0.229,0.079,0.055,0.168,0.189,0.026,0.135,0.167,0.216,0.122,0.093,0.059,0.158,0.133,0.075,0.166,0.043,0.144,0.236,0.130,0.144,0.097,0.063,0.107,0.038,0.177,0.142,0.038,0.121,0.107,0.220,0.154,0.129,0.045,0.118,0.162,0.205,0.124,0.148,0.126,0.131,0.138,0.180,0.162,0.160,0.128,0.147,0.119,0.125,0.126,0.057,0.138
0.095,0.278,0.095,0.260,0.174,0.114,0.228,0.144,0.057,0.153,0.288,0.189,0.068,0.093,0.204,0.000,0.121,0.052,0.144,0.156,0.080,0.054,0.094,0.087,0.128,0.240,0.095,0.028,0.194,0.071,0.059,0.154,0.093,0.111,0.162,0.112,0.072,0.129,0.045,0.170,0.096,0.186,0.080,0.061,0.108,0.150,0.102,0.195,0.032,0.073,0.169,0.084,0.097,0.078,0.050,0.090,0.160,0.092,0.066,0.062,0.085,0.056,0.087,0.077,0.066,0.123,0.047,0.046,0.077,0.071,0.088,0.147,0.084,0.244,0.067
0.125,0.168,0.151,0.223,0.064,0.235,0.258,0.228,0.067,0.054,0.211,0.138,0.177,0.065,0.185,0.121,0.000,0.099,0.203,0.137,0.153,0.132,0.036,0.204,0.144,0.192,0.031,0.093,0.162,0.121,0.150,0.040,0.144,0.120,0.126,0.028,0.103,0.130,0.088,0.142,0.050,0.071,0.134,0.110,0.130,0.123,0.138,0.155,0.096,0.141,0.150,0.123,0.116,0.194,0.109,0.075,0.146,0.136,0.153,0.065,0.131,0.104,0.139,0.127,0.113,0.006,0.091,0.099,0.106,0.143,0.129,0.207,0.135,0.196,0.117
0.048,0.237,0.139,0.209,0.161,0.148,0.189,0.131,0.060,0.115,0.237,0.138,0.082,0.048,0.154,0.052,0.099,0.000,0.115,0.105,0.056,0.100,0.086,0.112,0.081,0.189,0.068,0.037,0.143,0.028,0.051,0.138,0.055,0.061,0.110,0.079,0.021,0.078,0.017,0.118,0.057,0.170,0.042,0.015,0.060,0.099,0.058,0.143,0.024,0.044,0.118,0.039,0.047,0.102,0.010,0.042,0.109,0.051,0.054,0.067,0.043,0.008,0.049,0.036,0.021,0.099,0.011,0.006,0.026,0.046,0.044,0.119,0.045,0.192,0.024
0.078,0.293,0.238,0.180,0.267,0.159,0.090,0.046,0.174,0.195,0.248,0.154,0.099,0.139,0.124,0.144,0.203,0.115,0.000,0.109,0.064,0.197,0.199,0.123,0.071,0.178,0.174,0.147,0.134,0.087,0.085,0.243,0.060,0.088,0.129,0.177,0.102,0.088,0.131,0.120,0.153,0.272,0.073,0.100,0.075,0.119,0.066,0.144,0.134,0.073,0.111,0.081,0.087,0.116,0.107,0.129,0.103,0.067,0.078,0.182,0.074,0.107,0.066,0.079,0.095,0.201,0.125,0.118,0.098,0.074,0.075,0.004,0.071,0.180,0.091
0.066,0.185,0.241,0.104,0.193,0.232,0.128,0.152,0.148,0.104,0.146,0.046,0.159,0.083,0.051,0.156,0.137,0.105,0.109,0.000,0.107,0.203,0.152,0.193,0.042,0.086,0.118,0.139,0.039,0.090,0.127,0.172,0.083,0.046,0.021,0.109,0.084,0.030,0.116,0.014,0.093,0.194,0.089,0.096,0.054,0.015,0.068,0.041,0.127,0.102,0.014,0.077,0.060,0.182,0.107,0.077,0.010,0.077,0.123,0.154,0.081,0.100,0.086,0.087,0.091,0.133,0.112,0.111,0.080,0.106,0.076,0.112,0.085,0.089,0.092
0.044,0.273,0.174,0.204,0.216,0.125,0.149,0.076,0.113,0.159,0.253,0.151,0.052,0.093,0.145,0.080,0.153,0.056,0.064,0.107,0.000,0.133,0.142,0.085,0.067,0.192,0.122,0.083,0.144,0.033,0.024,0.193,0.024,0.064,0.122,0.130,0.051,0.077,0.071,0.122,0.106,0.224,0.023,0.043,0.054,0.109,0.040,0.149,0.071,0.012,0.116,0.037,0.054,0.075,0.046,0.084,0.107,0.030,0.017,0.121,0.029,0.049,0.022,0.028,0.040,0.152,0.066,0.057,0.049,0.010,0.034,0.068,0.024,0.195,0.036
0.147,0.299,0.041,0.307,0.170,0.130,0.281,0.193,0.068,0.177,0.325,0.231,0.112,0.129,0.253,0.054,0.132,0.100,0.197,0.203,0.133,0.000,0.097,0.117,0.180,0.285,0.115,0.064,0.241,0.123,0.111,0.155,0.146,0.161,0.206,0.135,0.121,0.178,0.087,0.216,0.127,0.183,0.133,0.111,0.160,0.196,0.154,0.240,0.077,0.127,0.217,0.136,0.147,0.113,0.101,0.130,0.209,0.145,0.119,0.067,0.137,0.106,0.140,0.130,0.118,0.137,0.092,0.094,0.126,0.125,0.140,0.200,0.137,0.288,0.119
0.124,0.204,0.116,0.246,0.081,0.207,0.265,0.217,0.037,0.087,0.243,0.163,0.156,0.071,0.203,0.094,0.036,0.086,0.199,0.152,0.142,0.097,0.000,0.180,0.150,0.218,0.035,0.069,0.183,0.113,0.133,0.061,0.139,0.125,0.146,0.049,0.098,0.139,0.071,0.161,0.059,0.092,0.127,0.100,0.133,0.139,0.136,0.177,0.075,0.130,0.166,0.119,0.118,0.171,0.096,0.079,0.161,0.132,0.138,0.033,0.125,0.093,0.133,0.120,0.105,0.041,0.077,0.085,0.102,0.132,0.125,0.203,0.129,0.222,0.108
0.127,0.349,0.151,0.289,0.260,0.040,0.212,0.096,0.143,0.227,0.337,0.235,0.034,0.160,0.229,0.087,0.204,0.112,0.123,0.193,0.085,0.117,0.180,0.000,0.153,0.277,0.175,0.111,0.229,0.107,0.068,0.240,0.109,0.148,0.206,0.190,0.122,0.162,0.117,0.207,0.169,0.271,0.105,0.109,0.138,0.194,0.125,0.234,0.108,0.092,0.202,0.119,0.136,0.011,0.103,0.153,0.193,0.115,0.070,0.148,0.112,0.110,0.107,0.107,0.110,0.206,0.115,0.109,0.124,0.087,0.117,0.125,0.108,0.280,0.108
0.033,0.223,0.219,0.137,0.206,0.192,0.115,0.112,0.135,0.126,0.188,0.088,0.120,0.080,0.079,0.128,0.144,0.081,0.071,0.042,0.067,0.180,0.150,0.153,0.000,0.125,0.118,0.118,0.077,0.058,0.089,0.183,0.043,0.024,0.060,0.116,0.060,0.017,0.096,0.056,0.094,0.210,0.052,0.068,0.020,0.049,0.029,0.083,0.104,0.064,0.049,0.044,0.034,0.143,0.079,0.071,0.040,0.039,0.084,0.142,0.045,0.074,0.047,0.053,0.062,0.141,0.090,0.086,0.055,0.068,0.041,0.074,0.048,0.128,0.062
0.152,0.155,0.320,0.033,0.233,0.317,0.152,0.225,0.224,0.143,0.072,0.056,0.244,0.157,0.055,0.240,0.192,0.189,0.178,0.086,0.192,0.285,0.218,0.277,0.125,0.000,0.184,0.221,0.048,0.176,0.212,0.216,0.168,0.132,0.079,0.169,0.169,0.116,0.198,0.072,0.163,0.229,0.174,0.182,0.140,0.090,0.153,0.046,0.210,0.187,0.076,0.163,0.146,0.267,0.192,0.155,0.085,0.163,0.208,0.228,0.167,0.185,0.171,0.173,0.177,0.187,0.195,0.195,0.165,0.192,0.162,0.180,0.171,0.004,0.178
0.097,0.186,0.142,0.212,0.094,0.207,0.234,0.197,0.047,0.062,0.213,0.129,0.147,0.038,0.168,0.095,0.031,0.068,0.174,0.118,0.122,0.115,0.035,0.175,0.118,0.184,0.000,0.067,0.148,0.090,0.119,0.071,0.114,0.094,0.111,0.019,0.073,0.106,0.058,0.126,0.025,0.102,0.104,0.079,0.103,0.105,0.109,0.143,0.067,0.110,0.132,0.093,0.088,0.165,0.078,0.047,0.127,0.107,0.122,0.049,0.101,0.074,0.109,0.097,0.083,0.031,0.061,0.069,0.077,0.112,0.099,0.178,0.105,0.188,0.087
0.085,0.251,0.102,0.243,0.149,0.141,0.225,0.155,0.033,0.126,0.264,0.168,0.088,0.068,0.189,0.028,0.093,0.037,0.147,0.139,0.083,0.064,0.069,0.111,0.118,0.221,0.067,0.000,0.177,0.063,0.069,0.128,0.089,0.097,0.142,0.084,0.058,0.114,0.023,0.152,0.070,0.160,0.076,0.050,0.097,0.131,0.094,0.176,0.014,0.074,0.153,0.075,0.084,0.102,0.041,0.067,0.145,0.086,0.075,0.040,0.078,0.044,0.083,0.071,0.057,0.096,0.028,0.032,0.063,0.073,0.080,0.150,0.079,0.224,0.059
0.104,0.171,0.277,0.066,0.212,0.269,0.127,0.180,0.183,0.120,0.114,0.032,0.196,0.116,0.026,0.194,0.162,0.143,0.134,0.039,0.144,0.241,0.183,0.229,0.077,0.048,0.148,0.177,0.000,0.128,0.164,0.192,0.120,0.085,0.037,0.136,0.122,0.068,0.154,0.025,0.125,0.211,0.126,0.135,0.092,0.046,0.105,0.012,0.165,0.139,0.028,0.115,0.099,0.219,0.145,0.112,0.037,0.115,0.160,0.189,0.119,0.139,0.123,0.125,0.130,0.157,0.150,0.149,0.118,0.144,0.114,0.136,0.123,0.051,0.131
0.025,0.244,0.163,0.193,0.184,0.146,0.162,0.107,0.088,0.127,0.231,0.129,0.074,0.061,0.135,0.071,0.121,0.028,0.087,0.090,0.033,0.123,0.113,0.107,0.058,0.176,0.090,0.063,0.128,0.000,0.040,0.161,0.027,0.044,0.100,0.098,0.018,0.061,0.045,0.104,0.074,0.192,0.014,0.014,0.038,0.088,0.031,0.131,0.050,0.021,0.102,0.014,0.030,0.097,0.023,0.052,0.093,0.023,0.039,0.096,0.015,0.021,0.021,0.008,0.008,0.120,0.039,0.032,0.017,0.024,0.017,0.091,0.016,0.179,0.005
0.061,0.283,0.152,0.226,0.211,0.107,0.172,0.087,0.101,0.164,0.270,0.168,0.034,0.097,0.167,0.059,0.150,0.051,0.085,0.127,0.024,0.111,0.133,0.068,0.089,0.212,0.119,0.069,0.164,0.040,0.000,0.189,0.046,0.081,0.139,0.131,0.056,0.096,0.063,0.141,0.108,0.220,0.038,0.044,0.072,0.127,0.060,0.168,0.059,0.025,0.137,0.051,0.068,0.057,0.041,0.089,0.128,0.050,0.008,0.108,0.046,0.047,0.042,0.040,0.044,0.150,0.058,0.050,0.057,0.021,0.050,0.089,0.042,0.215,0.041
0.165,0.160,0.165,0.248,0.023,0.268,0.296,0.268,0.098,0.074,0.222,0.165,0.215,0.105,0.216,0.154,0.040,0.138,0.243,0.172,0.193,0.155,0.061,0.240,0.183,0.216,0.071,0.128,0.192,0.161,0.189,0.000,0.184,0.160,0.158,0.067,0.143,0.168,0.126,0.175,0.090,0.032,0.174,0.150,0.170,0.156,0.178,0.184,0.133,0.181,0.183,0.163,0.156,0.230,0.148,0.115,0.181,0.177,0.192,0.094,0.171,0.144,0.180,0.168,0.154,0.042,0.130,0.138,0.147,0.183,0.169,0.247,0.175,0.220,0.157
0.023,0.253,0.187,0.181,0.208,0.149,0.136,0.086,0.115,0.143,0.229,0.127,0.076,0.081,0.122,0.093,0.144,0.055,0.060,0.083,0.024,0.146,0.139,0.109,0.043,0.168,0.114,0.089,0.120,0.027,0.046,0.184,0.000,0.042,0.098,0.119,0.042,0.053,0.072,0.098,0.095,0.214,0.014,0.041,0.030,0.086,0.016,0.125,0.076,0.021,0.092,0.021,0.034,0.099,0.049,0.071,0.083,0.009,0.040,0.122,0.014,0.048,0.006,0.019,0.035,0.143,0.066,0.059,0.038,0.025,0.015,0.064,0.011,0.171,0.032
0.021,0.212,0.199,0.150,0.183,0.188,0.139,0.123,0.112,0.107,0.189,0.087,0.115,0.056,0.093,0.111,0.120,0.061,0.088,0.046,0.064,0.161,0.125,0.148,0.024,0.132,0.094,0.097,0.085,0.044,0.081,0.160,0.042,0.000,0.058,0.093,0.040,0.018,0.075,0.061,0.070,0.187,0.044,0.051,0.013,0.045,0.027,0.087,0.084,0.057,0.058,0.030,0.014,0.138,0.061,0.047,0.049,0.034,0.078,0.119,0.036,0.055,0.042,0.041,0.045,0.118,0.069,0.067,0.035,0.062,0.031,0.091,0.041,0.135,0.046
0.079,0.164,0.241,0.103,0.179,0.246,0.146,0.172,0.146,0.088,0.131,0.029,0.172,0.079,0.059,0.162,0.126,0.110,0.129,0.021,0.122,0.206,0.146,0.206,0.060,0.079,0.111,0.142,0.037,0.100,0.139,0.158,0.098,0.058,0.000,0.099,0.091,0.045,0.120,0.017,0.087,0.178,0.101,0.104,0.068,0.013,0.083,0.034,0.131,0.115,0.027,0.088,0.071,0.196,0.114,0.076,0.029,0.091,0.136,0.152,0.094,0.107,0.100,0.099,0.100,0.121,0.116,0.116,0.087,0.119,0.089,0.132,0.098,0.082,0.102
0.099,0.167,0.161,0.198,0.090,0.223,0.230,0.204,0.067,0.043,0.195,0.114,0.161,0.038,0.158,0.112,0.028,0.079,0.177,0.109,0.130,0.135,0.049,0.190,0.116,0.169,0.019,0.084,0.136,0.098,0.131,0.067,0.119,0.093,0.099,0.000,0.080,0.102,0.072,0.115,0.025,0.095,0.110,0.088,0.103,0.095,0.111,0.130,0.082,0.118,0.122,0.098,0.090,0.180,0.089,0.049,0.118,0.111,0.133,0.068,0.106,0.084,0.115,0.104,0.091,0.025,0.074,0.081,0.082,0.121,0.104,0.181,0.111,0.173,0.095
0.028,0.227,0.160,0.188,0.167,0.160,0.171,0.125,0.077,0.109,0.220,0.119,0.090,0.042,0.133,0.072,0.103,0.021,0.102,0.084,0.051,0.121,0.098,0.122,0.060,0.169,0.073,0.058,0.122,0.018,0.056,0.143,0.042,0.040,0.091,0.080,0.000,0.057,0.036,0.098,0.055,0.174,0.031,0.014,0.040,0.079,0.039,0.123,0.045,0.039,0.097,0.021,0.026,0.112,0.023,0.033,0.088,0.035,0.056,0.084,0.028,0.016,0.036,0.024,0.013,0.102,0.030,0.027,0.005,0.043,0.027,0.106,0.032,0.172,0.016
0.036,0.206,0.217,0.132,0.191,0.202,0.128,0.128,0.128,0.109,0.176,0.074,0.129,0.068,0.075,0.129,0.130,0.078,0.088,0.030,0.077,0.178,0.139,0.162,0.017,0.116,0.106,0.114,0.068,0.061,0.096,0.168,0.053,0.018,0.045,0.102,0.057,0.000,0.092,0.045,0.082,0.194,0.058,0.068,0.024,0.033,0.038,0.072,0.102,0.071,0.041,0.047,0.032,0.152,0.079,0.060,0.032,0.047,0.092,0.135,0.051,0.073,0.056,0.057,0.063,0.127,0.087,0.084,0.052,0.076,0.046,0.091,0.055,0.119,0.063
0.064,0.236,0.125,0.220,0.149,0.151,0.206,0.146,0.043,0.111,0.243,0.146,0.089,0.048,0.166,0.045,0.088,0.017,0.131,0.116,0.071,0.087,0.071,0.117,0.096,0.198,0.058,0.023,0.154,0.045,0.063,0.126,0.072,0.075,0.120,0.072,0.036,0.092,0.000,0.129,0.053,0.158,0.059,0.031,0.076,0.109,0.074,0.153,0.012,0.060,0.130,0.055,0.062,0.107,0.025,0.046,0.122,0.067,0.067,0.051,0.059,0.024,0.066,0.053,0.038,0.089,0.006,0.014,0.041,0.061,0.061,0.135,0.061,0.202,0.040
0.081,0.175,0.253,0.091,0.196,0.247,0.130,0.165,0.159,0.105,0.132,0.034,0.174,0.092,0.043,0.170,0.142,0.118,0.120,0.014,0.122,0.216,0.161,0.207,0.056,0.072,0.126,0.152,0.025,0.104,0.141,0.175,0.098,0.061,0.017,0.115,0.098,0.045,0.129,0.000,0.102,0.196,0.103,0.110,0.069,0.021,0.082,0.027,0.140,0.116,0.011,0.091,0.075,0.197,0.121,0.088,0.017,0.092,0.137,0.165,0.096,0.114,0.100,0.102,0.105,0.138,0.125,0.124,0.093,0.121,0.091,0.123,0.100,0.075,0.106
0.075,0.182,0.158,0.190,0.114,0.204,0.209,0.180,0.062,0.058,0.197,0.107,0.139,0.014,0.144,0.096,0.050,0.057,0.153,0.093,0.106,0.127,0.059,0.169,0.094,0.163,0.025,0.070,0.125,0.074,0.108,0.090,0.095,0.070,0.087,0.025,0.055,0.082,0.053,0.102,0.000,0.120,0.086,0.065,0.080,0.081,0.087,0.120,0.065,0.094,0.107,0.073,0.066,0.159,0.067,0.024,0.102,0.087,0.109,0.066,0.082,0.061,0.090,0.079,0.067,0.048,0.054,0.060,0.058,0.097,0.079,0.157,0.086,0.167,0.070
0.195,0.148,0.190,0.261,0.014,0.300,0.320,0.299,0.129,0.091,0.225,0.181,0.247,0.134,0.236,0.186,0.071,0.170,0.272,0.194,0.224,0.183,0.092,0.271,0.210,0.229,0.102,0.160,0.211,0.192,0.220,0.032,0.214,0.187,0.178,0.095,0.174,0.194,0.158,0.196,0.120,0.000,0.205,0.181,0.198,0.179,0.207,0.201,0.165,0.212,0.205,0.193,0.185,0.262,0.180,0.144,0.204,0.206,0.224,0.125,0.201,0.175,0.210,0.198,0.184,0.072,0.162,0.170,0.177,0.214,0.199,0.276,0.205,0.232,0.188
0.023,0.251,0.174,0.189,0.197,0.144,0.150,0.094,0.102,0.137,0.233,0.131,0.071,0.072,0.130,0.080,0.134,0.042,0.073,0.089,0.023,0.133,0.127,0.105,0.052,0.174,0.104,0.076,0.126,0.014,0.038,0.174,0.014,0.044,0.101,0.110,0.031,0.058,0.059,0.103,0.086,0.205,0.000,0.027,0.034,0.089,0.023,0.130,0.062,0.013,0.099,0.015,0.032,0.094,0.035,0.063,0.090,0.013,0.035,0.109,0.008,0.034,0.007,0.006,0.022,0.133,0.053,0.045,0.028,0.018,0.012,0.077,0.004,0.177,0.018
0.035,0.240,0.151,0.200,0.173,0.147,0.175,0.118,0.074,0.120,0.234,0.133,0.076,0.053,0.144,0.061,0.110,0.015,0.100,0.096,0.043,0.111,0.100,0.109,0.068,0.182,0.079,0.050,0.135,0.014,0.044,0.150,0.041,0.051,0.104,0.088,0.014,0.068,0.031,0.110,0.065,0.181,0.027,0.000,0.048,0.092,0.044,0.136,0.037,0.031,0.109,0.025,0.037,0.098,0.011,0.045,0.100,0.036,0.045,0.082,0.028,0.007,0.034,0.021,0.006,0.110,0.026,0.019,0.017,0.033,0.030,0.104,0.030,0.185,0.009
0.013,0.225,0.199,0.155,0.193,0.178,0.133,0.110,0.116,0.119,0.199,0.097,0.105,0.066,0.097,0.108,0.130,0.060,0.075,0.054,0.054,0.160,0.133,0.138,0.020,0.140,0.103,0.097,0.092,0.038,0.072,0.170,0.030,0.013,0.068,0.103,0.040,0.024,0.076,0.069,0.080,0.198,0.034,0.048,0.000,0.056,0.014,0.096,0.084,0.047,0.064,0.024,0.015,0.128,0.059,0.056,0.055,0.023,0.068,0.123,0.027,0.054,0.032,0.034,0.042,0.128,0.070,0.066,0.035,0.052,0.023,0.079,0.031,0.143,0.042
0.066,0.174,0.232,0.112,0.178,0.233,0.143,0.161,0.138,0.089,0.144,0.042,0.160,0.071,0.063,0.150,0.123,0.099,0.119,0.015,0.109,0.196,0.139,0.194,0.049,0.090,0.105,0.131,0.046,0.088,0.127,0.156,0.086,0.045,0.013,0.095,0.079,0.033,0.109,0.021,0.081,0.179,0.089,0.092,0.056,0.000,0.070,0.044,0.120,0.102,0.027,0.075,0.058,0.183,0.102,0.067,0.025,0.079,0.123,0.143,0.081,0.095,0.087,0.087,0.088,0.118,0.105,0.105,0.075,0.107,0.077,0.122,0.086,0.093,0.089
0.012,0.239,0.194,0.166,0.201,0.165,0.132,0.097,0.116,0.131,0.213,0.112,0.092,0.073,0.107,0.102,0.138,0.058,0.066,0.068,0.040,0.154,0.136,0.125,0.029,0.153,0.109,0.094,0.105,0.031,0.060,0.178,0.016,0.027,0.083,0.111,0.039,0.038,0.074,0.082,0.087,0.207,0.023,0.044,0.014,0.070,0.000,0.109,0.080,0.035,0.077,0.019,0.022,0.115,0.054,0.063,0.068,0.010,0.055,0.123,0.017,0.050,0.018,0.025,0.037,0.136,0.068,0.062,0.034,0.039,0.014,0.070,0.019,0.156,0.035
0.108,0.159,0.275,0.069,0.203,0.274,0.139,0.189,0.180,0.110,0.106,0.020,0.201,0.113,0.038,0.195,0.155,0.143,0.144,0.041,0.149,0.240,0.177,0.234,0.083,0.046,0.143,0.176,0.012,0.131,0.168,0.184,0.125,0.087,0.034,0.130,0.123,0.072,0.153,0.027,0.120,0.201,0.130,0.136,0.096,0.044,0.109,0.000,0.164,0.143,0.034,0.118,0.101,0.224,0.146,0.110,0.042,0.119,0.164,0.185,0.123,0.139,0.127,0.129,0.132,0.150,0.149,0.149,0.119,0.148,0.118,0.146,0.127,0.049,0.133
0.071,0.247,0.115,0.231,0.155,0.141,0.211,0.144,0.042,0.122,0.255,0.157,0.082,0.060,0.177,0.032,0.096,0.024,0.134,0.127,0.071,0.077,0.075,0.108,0.104,0.210,0.067,0.014,0.165,0.050,0.059,0.133,0.076,0.084,0.131,0.082,0.045,0.102,0.012,0.140,0.065,0.165,0.062,0.037,0.084,0.120,0.080,0.164,0.000,0.061,0.140,0.062,0.071,0.099,0.027,0.058,0.132,0.073,0.064,0.050,0.065,0.030,0.070,0.057,0.043,0.097,0.015,0.018,0.050,0.061,0.066,0.138,0.066,0.213,0.045
0.036,0.263,0.168,0.201,0.204,0.131,0.155,0.087,0.102,0.147,0.246,0.144,0.058,0.082,0.142,0.073,0.141,0.044,0.073,0.102,0.012,0.127,0.130,0.092,0.064,0.187,0.110,0.074,0.139,0.021,0.025,0.181,0.021,0.057,0.115,0.118,0.039,0.071,0.060,0.116,0.094,0.212,0.013,0.031,0.047,0.102,0.035,0.143,0.061,0.000,0.111,0.028,0.045,0.081,0.035,0.072,0.102,0.025,0.021,0.110,0.021,0.037,0.016,0.017,0.027,0.140,0.054,0.046,0.038,0.005,0.025,0.077,0.016,0.190,0.024
0.077,0.186,0.254,0.092,0.204,0.241,0.119,0.156,0.162,0.114,0.139,0.044,0.168,0.096,0.038,0.169,0.150,0.118,0.111,0.014,0.116,0.217,0.166,0.202,0.049,0.076,0.132,0.153,0.028,0.102,0.137,0.183,0.092,0.058,0.027,0.122,0.097,0.041,0.130,0.011,0.107,0.205,0.099,0.109,0.064,0.027,0.077,0.034,0.140,0.111,0.000,0.088,0.072,0.192,0.119,0.091,0.009,0.087,0.132,0.168,0.092,0.113,0.095,0.098,0.103,0.145,0.125,0.123,0.092,0.116,0.087,0.113,0.095,0.079,0.104
0.011,0.236,0.176,0.179,0.186,0.158,0.151,0.107,0.097,0.122,0.219,0.117,0.085,0.060,0.121,0.084,0.123,0.039,0.081,0.077,0.037,0.136,0.119,0.119,0.044,0.163,0.093,0.075,0.115,0.014,0.051,0.163,0.021,0.030,0.088,0.098,0.021,0.047,0.055,0.091,0.073,0.193,0.015,0.025,0.024,0.075,0.019,0.118,0.062,0.028,0.088,0.000,0.017,0.108,0.035,0.050,0.079,0.014,0.049,0.105,0.009,0.031,0.018,0.011,0.019,0.121,0.049,0.044,0.017,0.032,0.006,0.085,0.014,0.166,0.017
0.011,0.220,0.186,0.164,0.180,0.175,0.148,0.119,0.101,0.110,0.202,0.100,0.102,0.052,0.107,0.097,0.116,0.047,0.087,0.060,0.054,0.147,0.118,0.136,0.034,0.146,0.088,0.084,0.099,0.030,0.068,0.156,0.034,0.014,0.071,0.090,0.026,0.032,0.062,0.075,0.066,0.185,0.032,0.037,0.015,0.058,0.022,0.101,0.071,0.045,0.072,0.017,0.000,0.125,0.047,0.042,0.064,0.025,0.066,0.108,0.024,0.041,0.032,0.028,0.031,0.114,0.056,0.053,0.021,0.049,0.020,0.091,0.029,0.149,0.032
0.117,0.338,0.148,0.279,0.252,0.050,0.206,0.092,0.134,0.217,0.327,0.225,0.023,0.150,0.220,0.078,0.194,0.102,0.116,0.182,0.075,0.113,0.171,0.011,0.143,0.267,0.165,0.102,0.219,0.097,0.057,0.230,0.099,0.138,0.196,0.180,0.112,0.152,0.107,0.197,0.159,0.262,0.094,0.098,0.128,0.183,0.115,0.224,0.099,0.081,0.192,0.108,0.125,0.000,0.093,0.143,0.182,0.105,0.060,0.140,0.102,0.100,0.097,0.097,0.100,0.196,0.105,0.099,0.113,0.076,0.107,0.119,0.098,0.270,0.097
0.046,0.246,0.141,0.211,0.171,0.140,0.184,0.122,0.067,0.124,0.243,0.142,0.072,0.057,0.154,0.050,0.109,0.010,0.107,0.107,0.046,0.101,0.096,0.103,0.079,0.192,0.078,0.041,0.145,0.023,0.041,0.148,0.049,0.061,0.114,0.089,0.023,0.079,0.025,0.121,0.067,0.180,0.035,0.011,0.059,0.102,0.054,0.146,0.027,0.035,0.119,0.035,0.047,0.093,0.000,0.050,0.111,0.045,0.044,0.075,0.037,0.007,0.042,0.030,0.017,0.109,0.019,0.011,0.027,0.036,0.040,0.111,0.038,0.195,0.018
0.051,0.195,0.165,0.179,0.138,0.190,0.186,0.156,0.071,0.075,0.198,0.101,0.122,0.010,0.129,0.090,0.075,0.042,0.129,0.077,0.084,0.130,0.079,0.153,0.071,0.155,0.047,0.067,0.112,0.052,0.089,0.115,0.071,0.047,0.076,0.049,0.033,0.060,0.046,0.088,0.024,0.144,0.063,0.045,0.056,0.067,0.063,0.110,0.058,0.072,0.091,0.050,0.042,0.143,0.050,0.000,0.085,0.063,0.090,0.077,0.058,0.043,0.067,0.057,0.046,0.073,0.044,0.047,0.035,0.076,0.055,0.133,0.063,0.158,0.049
0.068,0.192,0.247,0.100,0.203,0.232,0.118,0.148,0.155,0.114,0.148,0.051,0.159,0.091,0.045,0.160,0.146,0.109,0.103,0.010,0.107,0.209,0.161,0.193,0.040,0.085,0.127,0.145,0.037,0.093,0.128,0.181,0.083,0.049,0.029,0.118,0.088,0.032,0.122,0.017,0.102,0.204,0.090,0.100,0.055,0.025,0.068,0.042,0.132,0.102,0.009,0.079,0.064,0.182,0.111,0.085,0.000,0.078,0.123,0.161,0.082,0.104,0.086,0.089,0.095,0.142,0.117,0.115,0.084,0.107,0.078,0.106,0.086,0.088,0.095
0.014,0.245,0.186,0.176,0.200,0.155,0.139,0.094,0.110,0.134,0.222,0.120,0.082,0.073,0.118,0.092,0.136,0.051,0.067,0.077,0.030,0.145,0.132,0.115,0.039,0.163,0.107,0.086,0.115,0.023,0.050,0.177,0.009,0.034,0.091,0.111,0.035,0.047,0.067,0.092,0.087,0.206,0.013,0.036,0.023,0.079,0.010,0.119,0.073,0.025,0.087,0.014,0.025,0.105,0.045,0.063,0.078,0.000,0.045,0.117,0.008,0.043,0.008,0.016,0.030,0.135,0.061,0.055,0.030,0.029,0.008,0.071,0.009,0.166,0.027
0.057,0.283,0.160,0.221,0.215,0.110,0.165,0.080,0.107,0.165,0.267,0.165,0.037,0.098,0.162,0.066,0.153,0.054,0.078,0.123,0.017,0.119,0.138,0.070,0.084,0.208,0.122,0.075,0.160,0.039,0.008,0.192,0.040,0.078,0.136,0.133,0.056,0.092,0.067,0.137,0.109,0.224,0.035,0.045,0.068,0.123,0.055,0.164,0.064,0.021,0.132,0.049,0.066,0.060,0.044,0.090,0.123,0.045,0.000,0.114,0.042,0.049,0.037,0.038,0.044,0.153,0.062,0.054,0.056,0.016,0.047,0.081,0.038,0.211,0.040
0.112,0.232,0.093,0.254,0.113,0.175,0.255,0.194,0.008,0.111,0.262,0.173,0.127,0.072,0.205,0.062,0.065,0.067,0.182,0.154,0.121,0.067,0.033,0.148,0.142,0.228,0.049,0.040,0.189,0.096,0.108,0.094,0.122,0.119,0.152,0.068,0.084,0.135,0.051,0.165,0.066,0.125,0.109,0.082,0.123,0.143,0.123,0.185,0.050,0.110,0.168,0.105,0.108,0.140,0.075,0.077,0.161,0.117,0.114,0.000,0.110,0.075,0.116,0.103,0.088,0.070,0.057,0.064,0.089,0.110,0.110,0.186,0.112,0.232,0.091
0.015,0.244,0.178,0.182,0.194,0.152,0.147,0.099,0.102,0.131,0.225,0.123,0.079,0.068,0.124,0.085,0.131,0.043,0.074,0.081,0.029,0.137,0.125,0.112,0.045,0.167,0.101,0.078,0.119,0.015,0.046,0.171,0.014,0.036,0.094,0.106,0.028,0.051,0.059,0.096,0.082,0.201,0.008,0.028,0.027,0.081,0.017,0.123,0.065,0.021,0.092,0.009,0.024,0.102,0.037,0.058,0.082,0.008,0.042,0.110,0.000,0.035,0.009,0.008,0.022,0.129,0.053,0.047,0.024,0.026,0.005,0.078,0.005,0.170,0.019
0.041,0.239,0.145,0.204,0.167,0.147,0.182,0.125,0.067,0.117,0.235,0.135,0.079,0.050,0.148,0.056,0.104,0.008,0.107,0.100,0.049,0.106,0.093,0.110,0.074,0.185,0.074,0.044,0.139,0.021,0.047,0.144,0.048,0.055,0.107,0.084,0.016,0.073,0.024,0.114,0.061,0.175,0.034,0.007,0.054,0.095,0.050,0.139,0.030,0.037,0.113,0.031,0.041,0.100,0.007,0.043,0.104,0.043,0.049,0.075,0.035,0.000,0.041,0.028,0.013,0.104,0.018,0.012,0.021,0.039,0.037,0.111,0.037,0.188,0.016
0.022,0.252,0.181,0.185,0.203,0.146,0.142,0.090,0.109,0.140,0.231,0.129,0.073,0.077,0.126,0.087,0.139,0.049,0.066,0.086,0.022,0.140,0.133,0.107,0.047,0.171,0.109,0.083,0.123,0.021,0.042,0.180,0.006,0.042,0.100,0.115,0.036,0.056,0.066,0.100,0.090,0.210,0.007,0.034,0.032,0.087,0.018,0.127,0.070,0.016,0.095,0.018,0.032,0.097,0.042,0.067,0.086,0.008,0.037,0.116,0.009,0.041,0.000,0.013,0.028,0.138,0.060,0.053,0.033,0.021,0.012,0.070,0.005,0.174,0.025
0.021,0.246,0.170,0.189,0.191,0.147,0.154,0.101,0.096,0.131,0.230,0.128,0.074,0.066,0.131,0.077,0.127,0.036,0.079,0.087,0.028,0.130,0.120,0.107,0.053,0.173,0.097,0.071,0.125,0.008,0.040,0.168,0.019,0.041,0.099,0.104,0.024,0.057,0.053,0.102,0.079,0.198,0.006,0.021,0.034,0.087,0.025,0.129,0.057,0.017,0.098,0.011,0.028,0.097,0.030,0.057,0.089,0.016,0.038,0.103,0.008,0.028,0.013,0.000,0.015,0.127,0.047,0.040,0.022,0.021,0.012,0.083,0.009,0.176,0.012
0.029,0.240,0.158,0.195,0.177,0.148,0.169,0.114,0.080,0.121,0.231,0.129,0.077,0.055,0.138,0.066,0.113,0.021,0.095,0.091,0.040,0.118,0.105,0.110,0.062,0.177,0.083,0.057,0.130,0.008,0.044,0.154,0.035,0.045,0.100,0.091,0.013,0.063,0.038,0.105,0.067,0.184,0.022,0.006,0.042,0.088,0.037,0.132,0.043,0.027,0.103,0.019,0.031,0.100,0.017,0.046,0.095,0.030,0.044,0.088,0.022,0.013,0.028,0.015,0.000,0.113,0.032,0.025,0.013,0.031,0.023,0.099,0.024,0.180,0.004
0.123,0.163,0.157,0.217,0.065,0.237,0.255,0.227,0.071,0.048,0.205,0.133,0.178,0.063,0.180,0.123,0.006,0.099,0.201,0.133,0.152,0.137,0.041,0.206,0.141,0.187,0.031,0.096,0.157,0.120,0.150,0.042,0.143,0.118,0.121,0.025,0.102,0.127,0.089,0.138,0.048,0.072,0.133,0.110,0.128,0.118,0.136,0.150,0.097,0.140,0.145,0.121,0.114,0.196,0.109,0.073,0.142,0.135,0.153,0.070,0.129,0.104,0.138,0.127,0.113,0.000,0.092,0.100,0.105,0.143,0.128,0.205,0.134,0.190,0.117
0.058,0.236,0.130,0.216,0.153,0.150,0.200,0.141,0.049,0.112,0.241,0.142,0.086,0.047,0.162,0.047,0.091,0.011,0.125,0.112,0.066,0.092,0.077,0.115,0.090,0.195,0.061,0.028,0.150,0.039,0.058,0.130,0.066,0.069,0.116,0.074,0.030,0.087,0.006,0.125,0.054,0.162,0.053,0.026,0.070,0.105,0.068,0.149,0.015,0.054,0.125,0.049,0.056,0.105,0.019,0.044,0.117,0.061,0.062,0.057,0.053,0.018,0.060,0.047,0.032,0.092,0.000,0.008,0.036,0.055,0.055,0.129,0.055,0.198,0.034
0.053,0.241,0.133,0.215,0.161,0.144,0.194,0.132,0.056,0.118,0.243,0.143,0.079,0.052,0.160,0.046,0.099,0.006,0.118,0.111,0.057,0.094,0.085,0.109,0.086,0.195,0.069,0.032,0.149,0.032,0.050,0.138,0.059,0.067,0.116,0.081,0.027,0.084,0.014,0.124,0.060,0.170,0.045,0.019,0.066,0.105,0.062,0.149,0.018,0.046,0.123,0.044,0.053,0.099,0.011,0.047,0.115,0.055,0.054,0.064,0.047,0.012,0.053,0.040,0.025,0.100,0.008,0.000,0.032,0.047,0.049,0.122,0.048,0.198,0.028
0.023,0.227,0.165,0.184,0.170,0.162,0.166,0.122,0.082,0.110,0.217,0.116,0.090,0.044,0.128,0.077,0.106,0.026,0.098,0.080,0.049,0.126,0.102,0.124,0.055,0.165,0.077,0.063,0.118,0.017,0.057,0.147,0.038,0.035,0.087,0.082,0.005,0.052,0.041,0.093,0.058,0.177,0.028,0.017,0.035,0.075,0.034,0.119,0.050,0.038,0.092,0.017,0.021,0.113,0.027,0.035,0.084,0.030,0.056,0.089,0.024,0.021,0.033,0.022,0.013,0.105,0.036,0.032,0.000,0.042,0.023,0.102,0.028,0.168,0.016
0.041,0.267,0.166,0.206,0.206,0.126,0.157,0.086,0.103,0.151,0.251,0.149,0.053,0.085,0.147,0.071,0.143,0.046,0.074,0.106,0.010,0.125,0.132,0.087,0.068,0.192,0.112,0.073,0.144,0.024,0.021,0.183,0.025,0.062,0.119,0.121,0.043,0.076,0.061,0.121,0.097,0.214,0.018,0.033,0.052,0.107,0.039,0.148,0.061,0.005,0.116,0.032,0.049,0.076,0.036,0.076,0.107,0.029,0.016,0.110,0.026,0.039,0.021,0.021,0.031,0.143,0.055,0.047,0.042,0.000,0.030,0.077,0.021,0.195,0.027
0.010,0.240,0.180,0.177,0.193,0.156,0.145,0.101,0.103,0.127,0.220,0.118,0.083,0.065,0.119,0.088,0.129,0.044,0.075,0.076,0.034,0.140,0.125,0.117,0.041,0.162,0.099,0.080,0.114,0.017,0.050,0.169,0.015,0.031,0.089,0.104,0.027,0.046,0.061,0.091,0.079,0.199,0.012,0.030,0.023,0.077,0.014,0.118,0.066,0.025,0.087,0.006,0.020,0.107,0.040,0.055,0.078,0.008,0.047,0.110,0.005,0.037,0.012,0.012,0.023,0.128,0.055,0.049,0.023,0.030,0.000,0.079,0.009,0.165,0.021
0.082,0.296,0.241,0.181,0.271,0.161,0.087,0.045,0.178,0.198,0.250,0.157,0.101,0.143,0.125,0.147,0.207,0.119,0.004,0.112,0.068,0.200,0.203,0.125,0.074,0.180,0.178,0.150,0.136,0.091,0.089,0.247,0.064,0.091,0.132,0.181,0.106,0.091,0.135,0.123,0.157,0.276,0.077,0.104,0.079,0.122,0.070,0.146,0.138,0.077,0.113,0.085,0.091,0.119,0.111,0.133,0.106,0.071,0.081,0.186,0.078,0.111,0.070,0.083,0.099,0.205,0.129,0.122,0.102,0.077,0.079,0.000,0.075,0.181,0.095
0.020,0.249,0.178,0.185,0.198,0.147,0.146,0.094,0.104,0.136,0.230,0.127,0.074,0.072,0.126,0.084,0.135,0.045,0.071,0.085,0.024,0.137,0.129,0.108,0.048,0.171,0.105,0.079,0.123,0.016,0.042,0.175,0.011,0.041,0.098,0.111,0.032,0.055,0.061,0.100,0.086,0.205,0.004,0.030,0.031,0.086,0.019,0.127,0.066,0.016,0.095,0.014,0.029,0.098,0.038,0.063,0.086,0.009,0.038,0.112,0.005,0.037,0.005,0.009,0.024,0.134,0.055,0.048,0.028,0.021,0.009,0.075,0.000,0.174,0.021
0.155,0.156,0.323,0.030,0.236,0.320,0.152,0.226,0.227,0.146,0.072,0.059,0.247,0.160,0.057,0.244,0.196,0.192,0.180,0.089,0.195,0.288,0.222,0.280,0.128,0.004,0.188,0.224,0.051,0.179,0.215,0.220,0.171,0.135,0.082,0.173,0.172,0.119,0.202,0.075,0.167,0.232,0.177,0.185,0.143,0.093,0.156,0.049,0.213,0.190,0.079,0.166,0.149,0.270,0.195,0.158,0.088,0.166,0.211,0.232,0.170,0.188,0.174,0.176,0.180,0.190,0.198,0.198,0.168,0.195,0.165,0.181,0.174,0.000,0.181
0.028,0.243,0.159,0.195,0.180,0.146,0.166,0.111,0.083,0.124,0.232,0.130,0.074,0.058,0.138,0.067,0.117,0.024,0.091,0.092,0.036,0.119,0.108,0.108,0.062,0.178,0.087,0.059,0.131,0.005,0.041,0.157,0.032,0.046,0.102,0.095,0.016,0.063,0.040,0.106,0.070,0.188,0.018,0.009,0.042,0.089,0.035,0.133,0.045,0.024,0.104,0.017,0.032,0.097,0.018,0.049,0.095,0.027,0.040,0.091,0.019,0.016,0.025,0.012,0.004,0.117,0.034,0.028,0.016,0.027,0.021,0.095,0.021,0.181,0.000
